{
	"luminosityThreshold": 0.5006895272796176,
	"luminositySmoothWidth": 0.46760433401761586,
	"linearWhite": 1.1469560588959788,
	"shoulderStrength": 0.2,
	"linearStrength": 0.85,
	"linearAngle": 0.01,
	"toeStrength": 0.01,
	"toeNumerator": 0.01,
	"toeDenominator": 1,
	"exposure": 0.5,
	"toneColorR": 0,
	"toneColorG": 0,
	"toneColorB": 0,
	"toneGray": 0,
	"bloomStrength": 0.07058201487359564,
	"bloomRadius": 0.07720013051796414,
	"vignetteSize": 0,
	"vignetteAmount": 0.75,
	"tiltOffset": -1,
	"tiltScale": 0.40805206313798104
}
